Date,reddit score,Closing Price,Post Frequency
2021-01-04,18,17.25,2
2021-01-05,0,17.370001,1
2021-01-06,57,18.360001,3
2021-01-11,75,19.940001,4
2021-01-12,6,19.950001,2
2021-01-13,111,31.4,9
2021-01-14,204,39.91,11
2021-01-15,155,35.5,15
2021-01-19,260,39.360001,14
2021-01-20,455,39.119999,7
2021-01-21,639,43.029999,18
2021-01-22,1889,65.010002,101
2021-01-25,4697,76.790001,280
2021-01-26,4062,147.979996,205
2021-01-27,19681,347.51001,819
2021-01-28,27048,193.600006,2384
2021-01-29,35465,325,1639
2021-02-01,22797,225,1241
2021-02-02,19912,90,1424
2021-02-03,24066,92.410004,897
2021-02-04,26420,53.5,843
2021-02-08,30941,60,512
2021-02-09,45945,50.310001,765
2021-02-10,73581,51.200001,1201
2021-02-11,93874,51.099998,1254
2021-02-12,116063,52.400002,1416
2021-02-16,42228,49.509998,427
2021-02-17,41505,45.939999,572
2021-02-18,233627,40.689999,2901
2021-02-19,150446,40.59,1934
2021-02-22,142264,46,1440
2021-02-23,141234,44.970001,1647
2021-02-24,282142,91.709999,4102
2021-02-25,354750,108.730003,5381
2021-02-26,299013,101.739998,3722
2021-03-01,256573,120.400002,2069
2021-03-02,276869,118.18,2320
2021-03-03,265386,124.18,2321
2021-03-04,284885,132.350006,2503
2021-03-05,316078,137.740005,2177
2021-03-08,382667,194.5,2317
2021-03-09,366244,246.899994,4194
2021-03-10,535641,265,8863
2021-03-11,349056,260,4913
2021-03-12,284144,264.5,4165
2021-03-15,313545,220.139999,3835
2021-03-16,344166,208.169998,4931
